{"x_cols": ["PM10", "CO", "Temperature(C)"], "model_choice": "lr", "error": {"test_r2_score": 0.7593799999999999, "test_r2": 0.9100600000000002, "test_mean_squared_error": 41.03166, "test_mean_absolute_error": 5.135549999999999, "test_mean_absolute_percentage_error": 40.678340000000006, "test_median_absolute_error": 4.47894, "test_r2_score_std": 0.0026330379581177353, "test_r2_std": 0.0007848566748139333, "test_mean_squared_error_std": 0.4468863817820167, "test_mean_absolute_error_std": 0.033933374263236456, "test_mean_absolute_percentage_error_std": 0.2996719398868632, "test_median_absolute_error_std": 0.037288997483618774, "province": "Rayong"}}