split_direct,with_interact,with_traffic,val_r2_score,val_mean_squared_error,val_mean_absolute_error,val_r2,testop6_r2_score,testop6_mean_squared_error,testop6_mean_absolute_error,testop6_r2,test_r2_score,test_mean_squared_error,test_mean_absolute_error,test_r2,cat_hour,len_cols
0,0,0,0.331867163,419.9407473,16.01794532,0.605184318,0.047053313,330.9759856,13.85036213,0.293889215,0.097335663,424.4444614,15.94052558,0.31066772,FALSE,84
0,0,1,0.306209037,436.6127467,16.34986411,0.602559952,0.004204273,345.7866028,14.23783439,0.269243181,0.034213528,454.0896487,16.55905619,0.274533328,FALSE,142
0,1,1,0,,,,,,,,,,,,,
1,0,1,,,,,,,,,,,,,,
1,1,1,,,,,,,,,,,,,,
0,1,0,0.30462492134872976,437.2374679249091,16.503865827316773,0.6004973571936083,0.08055371407167511,319.3063571821444,13.528151754881124,0.33580332939204416,0.1324560162205649,407.9304165101033,15.582023071783883,0.3506079781873811,1,1588
1,0,0,0.2937255582611491,444.3895222711851,16.600315077500024,0.5812312324357117,0.024156944143452153,339.8502416151456,13.894464730506828,0.2642653483112927,0.04676434325147538,449.57722071811617,16.35601337910473,0.2674571827120832,False,96
1,1,0,0.3080472867484897,434.8647111544519,16.480624023179097,0.6124192301575874,0.09219822129558419,315.33112920493187,13.449585896884633,0.33776333579928264,0.12837018830014435,409.884902893238,15.643504624208669,0.34276142374399926,1,2188
