{"x_cols": ["PM10", "CO", "NO2", "SO2", "Temperature(C)"], "model_choice": "lr", "error": {"test_r2_score": 0.9323400000000002, "test_r2": 0.96588, "test_mean_squared_error": 55.92287, "test_mean_absolute_error": 4.7293199999999995, "test_mean_absolute_percentage_error": 27.313889999999997, "test_median_absolute_error": 3.2894300000000003, "test_r2_score_std": 0.0007904991390816773, "test_r2_std": 0.00041041983924324947, "test_mean_squared_error_std": 0.6552406819041555, "test_mean_absolute_error_std": 0.020439765164991516, "test_mean_absolute_percentage_error_std": 0.30910948599700677, "test_median_absolute_error_std": 0.021123659720796408, "province": "Nan"}}