index,importance
fire_100_200,0.26230378207682825
fire_800_900,0.14179894716297994
fire_200_400,0.13489893391105368
fire_400_600,0.12165440797146951
Temperature(C),0.11815015468071773
fire_600_800,0.058664638652093946
Humidity(%),0.04386704076541273
fire_0_100,0.033397653380292096
Wind_Speed(kmph),0.0192565329617428
time_of_day,0.019124321201565
wind_CALM,0.01676172063005394
traffic_index,0.011656381529168376
wind_S,0.008809758151353661
wind_N,0.005942978438536959
wind_E,0.003712748486731415
