split_direct,with_interact,with_traffic,val_r2_score,val_mean_squared_error,val_mean_absolute_error,testop6_r2_score,testop6_mean_squared_error,testop6_mean_absolute_error,test_r2_score,test_mean_squared_error,test_mean_absolute_error,cat_hour,len_cols
0,0,1,0.508770082,136.6989273,8.995814272,0.396178929,115.989501,8.185576343,0.5303329,123.719733,8.501291021,FALSE,62
0,1,1,0.425920517,159.7688902,9.566280189,0.362981093,122.3713503,8.283482856,0.501406946,131.3404164,8.639310089,FALSE,2281
1,0,1,0.494667221,140.7382136,9.041734771,0.410084844,113.4289092,8.122110862,0.483612327,136.1127554,8.902290646,FALSE,539
0,0,0,0.47896645930351867,144.99807636275955,9.244980669509847,0.34600265611931813,125.63290843462967,8.521230123845438,0.49719576384875164,132.44871923379273,8.848698272139382,False,285
0,1,0,0.4471461590915926,153.84495470532786,9.344251262535611,0.3891831963746256,117.33792541854785,8.102722910634462,0.5268811511601978,124.62899289366416,8.437885920964938,False,648
1,0,0,0.4704010599062435,147.50344504739795,9.319566115713682,0.40004097866277943,115.34040042601843,8.119040133751563,0.4963715710907374,132.74177565871142,8.769448795446426,False,517
