{"x_cols": ["PM10", "CO", "SO2", "Temperature(C)"], "model_choice": "lr", "error": {"test_r2_score": 0.84977, "test_r2": 0.9714099999999999, "test_mean_squared_error": 31.345160000000003, "test_mean_absolute_error": 4.660830000000001, "test_mean_absolute_percentage_error": 25.601300000000002, "test_median_absolute_error": 4.32493, "test_r2_score_std": 0.003190280377786409, "test_r2_std": 0.0009631545393480177, "test_mean_squared_error_std": 0.6664675572665847, "test_mean_absolute_error_std": 0.042158880704096374, "test_mean_absolute_percentage_error_std": 0.2689004317999929, "test_median_absolute_error_std": 0.034481139772344974, "province": "Bangkok"}}