index,importance
fire_400_600,0.29279651582782584
Wind_Speed(kmph),0.14855324686212967
fire_800_1000,0.10249628845852951
fire_100_200,0.072780569268743
fire_600_800,0.058316083676870634
fire_200_400,0.056950061245295225
wind_S,0.052998136893169435
fire_0_100,0.05008607878501127
wind_CALM,0.0439583795143721
wind_E,0.0406772009150459
wind_W,0.03801882406419816
time_of_day,0.031054673824590442
is_holiday,0.01131394066421878
