fire 0-100km,fire 0-200km,fire 0-400km,fire 0-700km,fire 0-1000km
60.00116356006407,60.00116356006407,60.00116356006407,60.00116356006407,60.00116356006407
59.71713238681228,59.50763513014234,59.01645952798054,58.89912201614563,58.590339259918714
59.23287552813464,58.696802519681846,57.45425645068846,57.05304529842604,56.24535493404319
58.096986779230924,56.72070054705728,53.93441412851655,52.70287511493121,51.05188850745082
55.7911522431105,52.61483737206579,49.0356595602542,46.3553587429221,43.47201870431908
53.36876978649339,48.505331629503,44.576777407860384,40.623083327662414,36.933578471096396
