fire 0-100km,fire 0-200km,fire 0-400km,fire 0-700km,fire 0-1000km
59.84247292047444,59.84247292047444,59.84247292047444,59.84247292047444,59.84247292047444
59.54776521083694,59.37010669258106,58.65431998261885,58.49836840638917,58.17650069724215
58.97020564038363,58.50525526022571,56.71679734413779,56.158881138591795,55.45561513305186
57.69353301281451,56.49941414810854,52.785075743136524,51.35286539358343,49.968437196044896
54.975332173172404,52.434206559306965,47.32336870673305,44.67363323489887,42.39752394251691
52.16590509183293,48.018217837787326,42.62296308156875,38.94235291808099,35.544548721284016
