{"x_cols": ["PM10", "O3", "CO", "NO2", "Humidity(%)", "Temperature(C)", "Pressure(hPa)", "Wind_Speed(kmph)", "Dew_Point(C)"], "model_choice": "lr", "error": {"test_r2_score": 0.7041, "test_r2": 0.8629900000000001, "test_mean_squared_error": 60.45961000000001, "test_mean_absolute_error": 6.0873, "test_mean_absolute_percentage_error": 46.09286999999999, "test_median_absolute_error": 5.188219999999999, "test_r2_score_std": 0.003338662406813043, "test_r2_std": 0.0016051652735950771, "test_mean_squared_error_std": 0.6788514326910305, "test_mean_absolute_error_std": 0.04165127715795618, "test_mean_absolute_percentage_error_std": 0.5098666449834385, "test_median_absolute_error_std": 0.04545612781084139, "province": "Chon Buri"}}