{"x_cols": ["PM10", "CO", "SO2", "Dew_Point(C)"], "model_choice": "lr", "error": {"test_r2_score": 0.73033, "test_r2": 0.89599, "test_mean_squared_error": 104.51122000000001, "test_mean_absolute_error": 7.41624, "test_mean_absolute_percentage_error": 25.316499999999998, "test_median_absolute_error": 5.53059, "test_r2_score_std": 0.003937018048105837, "test_r2_std": 0.00019119507199597877, "test_mean_squared_error_std": 1.528212987482801, "test_mean_absolute_error_std": 0.04958759253415453, "test_mean_absolute_percentage_error_std": 0.16275393151079973, "test_median_absolute_error_std": 0.04098128163496642, "province": "Khon Kaen"}}