{"x_cols": ["PM10", "CO", "Temperature(C)"], "model_choice": "lr", "error": {"test_r2_score": 0.6818500000000001, "test_r2": 0.85738, "test_mean_squared_error": 140.23479, "test_mean_absolute_error": 7.83823, "test_mean_absolute_percentage_error": 39.8279, "test_median_absolute_error": 6.22735, "test_r2_score_std": 0.004889046714624197, "test_r2_std": 0.0005672545969648608, "test_mean_squared_error_std": 2.1550231679342384, "test_mean_absolute_error_std": 0.05483340526844328, "test_mean_absolute_percentage_error_std": 0.2377484338072039, "test_median_absolute_error_std": 0.04500259869039654, "province": "Ratchaburi"}}