{"x_cols": ["PM10", "CO", "Temperature(C)"], "model_choice": "lr", "error": {"test_r2_score": 0.79489, "test_r2": 0.8949, "test_mean_squared_error": 10.90467, "test_mean_absolute_error": 2.53775, "test_mean_absolute_percentage_error": 32.074090000000005, "test_median_absolute_error": 2.00102, "test_r2_score_std": 0.0013723054405715353, "test_r2_std": 0.0017307673314329427, "test_mean_squared_error_std": 0.07287903295492068, "test_mean_absolute_error_std": 0.012595523896298347, "test_mean_absolute_percentage_error_std": 0.42114154508905893, "test_median_absolute_error_std": 0.015997694278308446, "province": "Sa Kaeo"}}