{"x_cols": ["PM10", "CO", "Temperature(C)", "Pressure(hPa)", "Dew_Point(C)"], "model_choice": "lr", "error": {"test_r2_score": 0.79634, "test_r2": 0.9230600000000001, "test_mean_squared_error": 78.76164000000001, "test_mean_absolute_error": 6.45914, "test_mean_absolute_percentage_error": 30.23641, "test_median_absolute_error": 4.753, "test_r2_score_std": 0.0029360593393942718, "test_r2_std": 0.0007988881162103935, "test_mean_squared_error_std": 1.136157627170534, "test_mean_absolute_error_std": 0.04615115744305153, "test_mean_absolute_percentage_error_std": 0.1834555862085187, "test_median_absolute_error_std": 0.03005757438280386, "province": "Samut Sakhon"}}