,fire 0-100km,fire 0-200km,fire 0-400km,fire 0-700km,fire 0-900km
1.0,59.06581613398653,59.06581613398653,59.06581613398653,59.06581613398653,59.06581613398653
0.9,58.435142336766916,58.33068141106136,57.85504039232376,57.90327465923274,57.8554738264466
0.75,57.229114199850926,57.03077116946962,55.961007999365485,56.14645560791815,55.991331404435556
0.5,55.482337710751345,55.16184878702147,52.520938422655504,52.71778754364072,52.14850475137844
0.25,53.68798150580065,52.82285795623777,47.97928965444291,48.56945501795608,47.261254485971634
0.1,51.47198547004299,49.90786227547016,43.39353246285085,44.03563547227248,41.35822441161906
0.05,49.92102058627005,47.535161562760344,41.7177600205075,42.75268973113776,38.56132133572864
0.0,39.08657006541318,31.092265417836906,28.9744459208608,31.74910870667967,26.1852742114731
