index,importance
fire_0_100,0.3335852779402722
Humidity(%),0.24574882803502318
Temperature(C),0.08418472950885772
Wind_Speed(kmph),0.07787057554873966
fire_100_200,0.04414506374995787
time_of_day,0.038584664055670154
wind_S,0.0357605808015443
wind_CALM,0.034089805185123646
day_of_week,0.02743251391817308
wind_W,0.02742280772347002
wind_E,0.025063080134848495
is_rain,0.01377881005216537
is_weekend,0.01134691655099262
fire_200_400,0.0009863467951615815
fire_400_550,0.0
