{"x_cols": ["PM10", "O3", "CO", "NO2", "SO2", "Temperature(C)", "Pressure(hPa)", "Wind_Speed(kmph)", "Dew_Point(C)"], "model_choice": "lr", "error": {"test_r2_score": 0.9021099999999999, "test_r2": 0.9602499999999999, "test_mean_squared_error": 77.657, "test_mean_absolute_error": 6.60278, "test_mean_absolute_percentage_error": 32.229009999999995, "test_median_absolute_error": 5.211360000000001, "test_r2_score_std": 0.0015919589609450812, "test_r2_std": 0.00029907264074878514, "test_mean_squared_error_std": 1.271760291878937, "test_mean_absolute_error_std": 0.06216974612569463, "test_mean_absolute_percentage_error_std": 0.4466674289794494, "test_median_absolute_error_std": 0.06721539506194497, "province": "Chiang Mai"}}