{"x_cols": ["PM10", "NO2", "SO2", "Dew_Point(C)"], "model_choice": "lr", "error": {"test_r2_score": 0.5107299999999999, "test_r2": 0.9532499999999999, "test_mean_squared_error": 69.89386999999999, "test_mean_absolute_error": 6.580959999999999, "test_mean_absolute_percentage_error": 20.18062, "test_median_absolute_error": 5.42809, "test_r2_score_std": 0.14109039694859146, "test_r2_std": 0.0027737860207465315, "test_mean_squared_error_std": 20.154246063026026, "test_mean_absolute_error_std": 1.1316991671327188, "test_mean_absolute_percentage_error_std": 3.6050870110627473, "test_median_absolute_error_std": 1.141334290741421, "province": "Loei"}}