{"x_cols": ["PM10", "CO", "Humidity(%)", "Temperature(C)", "Dew_Point(C)"], "model_choice": "lr", "error": {"test_r2_score": 0.38323, "test_r2": 0.68895, "test_mean_squared_error": 27.555080000000004, "test_mean_absolute_error": 4.17863, "test_mean_absolute_percentage_error": 31.95878, "test_median_absolute_error": 3.4857500000000003, "test_r2_score_std": 0.00534416608191691, "test_r2_std": 0.0016728219670166104, "test_mean_squared_error_std": 0.23833886147434868, "test_mean_absolute_error_std": 0.016291241682436446, "test_mean_absolute_percentage_error_std": 0.1734973441999741, "test_median_absolute_error_std": 0.01975096340828855, "province": "Songkhla"}}